id,name,schema,country,topics,datasets
sanction-00000,Shell Company 0 (Pty) Ltd,Company,ZA,"sanction, fraud, PEP","za_sanctions, ofac"
sanction-00001,John Doe 1,Person,ZA,"sanction, fraud, PEP","za_sanctions, ofac"
sanction-00002,Shell Company 2 (Pty) Ltd,Company,ZA,"sanction, fraud, PEP","za_sanctions, ofac"
sanction-00003,John Doe 3,Person,ZA,"sanction, fraud, PEP","za_sanctions, ofac"
sanction-00004,Shell Company 4 (Pty) Ltd,Company,ZA,"sanction, fraud, PEP","za_sanctions, ofac"
sanction-00005,John Doe 5,Person,ZA,"sanction, fraud, PEP","za_sanctions, ofac"
sanction-00006,Shell Company 6 (Pty) Ltd,Company,ZA,"sanction, fraud, PEP","za_sanctions, ofac"
sanction-00007,John Doe 7,Person,ZA,"sanction, fraud, PEP","za_sanctions, ofac"
sanction-00008,Shell Company 8 (Pty) Ltd,Company,ZA,"sanction, fraud, PEP","za_sanctions, ofac"
sanction-00009,John Doe 9,Person,ZA,"sanction, fraud, PEP","za_sanctions, ofac"
sanction-00010,Shell Company 10 (Pty) Ltd,Company,ZA,"sanction, fraud, PEP","za_sanctions, ofac"
sanction-00011,John Doe 11,Person,ZA,"sanction, fraud, PEP","za_sanctions, ofac"
sanction-00012,Shell Company 12 (Pty) Ltd,Company,ZA,"sanction, fraud, PEP","za_sanctions, ofac"
sanction-00013,John Doe 13,Person,ZA,"sanction, fraud, PEP","za_sanctions, ofac"
sanction-00014,Shell Company 14 (Pty) Ltd,Company,ZA,"sanction, fraud, PEP","za_sanctions, ofac"
sanction-00015,John Doe 15,Person,ZA,"sanction, fraud, PEP","za_sanctions, ofac"
sanction-00016,Shell Company 16 (Pty) Ltd,Company,ZA,"sanction, fraud, PEP","za_sanctions, ofac"
sanction-00017,John Doe 17,Person,ZA,"sanction, fraud, PEP","za_sanctions, ofac"
sanction-00018,Shell Company 18 (Pty) Ltd,Company,ZA,"sanction, fraud, PEP","za_sanctions, ofac"
sanction-00019,John Doe 19,Person,ZA,"sanction, fraud, PEP","za_sanctions, ofac"
sanction-00020,Shell Company 20 (Pty) Ltd,Company,ZA,"sanction, fraud, PEP","za_sanctions, ofac"
sanction-00021,John Doe 21,Person,ZA,"sanction, fraud, PEP","za_sanctions, ofac"
sanction-00022,Shell Company 22 (Pty) Ltd,Company,ZA,"sanction, fraud, PEP","za_sanctions, ofac"
sanction-00023,John Doe 23,Person,ZA,"sanction, fraud, PEP","za_sanctions, ofac"
sanction-00024,Shell Company 24 (Pty) Ltd,Company,ZA,"sanction, fraud, PEP","za_sanctions, ofac"
sanction-00025,John Doe 25,Person,ZA,"sanction, fraud, PEP","za_sanctions, ofac"
sanction-00026,Shell Company 26 (Pty) Ltd,Company,ZA,"sanction, fraud, PEP","za_sanctions, ofac"
sanction-00027,John Doe 27,Person,ZA,"sanction, fraud, PEP","za_sanctions, ofac"
sanction-00028,Shell Company 28 (Pty) Ltd,Company,ZA,"sanction, fraud, PEP","za_sanctions, ofac"
sanction-00029,John Doe 29,Person,ZA,"sanction, fraud, PEP","za_sanctions, ofac"
sanction-00030,Shell Company 30 (Pty) Ltd,Company,ZA,"sanction, fraud, PEP","za_sanctions, ofac"
sanction-00031,John Doe 31,Person,ZA,"sanction, fraud, PEP","za_sanctions, ofac"
sanction-00032,Shell Company 32 (Pty) Ltd,Company,ZA,"sanction, fraud, PEP","za_sanctions, ofac"
sanction-00033,John Doe 33,Person,ZA,"sanction, fraud, PEP","za_sanctions, ofac"
sanction-00034,Shell Company 34 (Pty) Ltd,Company,ZA,"sanction, fraud, PEP","za_sanctions, ofac"
sanction-00035,John Doe 35,Person,ZA,"sanction, fraud, PEP","za_sanctions, ofac"
sanction-00036,Shell Company 36 (Pty) Ltd,Company,ZA,"sanction, fraud, PEP","za_sanctions, ofac"
sanction-00037,John Doe 37,Person,ZA,"sanction, fraud, PEP","za_sanctions, ofac"
sanction-00038,Shell Company 38 (Pty) Ltd,Company,ZA,"sanction, fraud, PEP","za_sanctions, ofac"
sanction-00039,John Doe 39,Person,ZA,"sanction, fraud, PEP","za_sanctions, ofac"
sanction-00040,Shell Company 40 (Pty) Ltd,Company,ZA,"sanction, fraud, PEP","za_sanctions, ofac"
sanction-00041,John Doe 41,Person,ZA,"sanction, fraud, PEP","za_sanctions, ofac"
sanction-00042,Shell Company 42 (Pty) Ltd,Company,ZA,"sanction, fraud, PEP","za_sanctions, ofac"
sanction-00043,John Doe 43,Person,ZA,"sanction, fraud, PEP","za_sanctions, ofac"
sanction-00044,Shell Company 44 (Pty) Ltd,Company,ZA,"sanction, fraud, PEP","za_sanctions, ofac"
sanction-00045,John Doe 45,Person,ZA,"sanction, fraud, PEP","za_sanctions, ofac"
sanction-00046,Shell Company 46 (Pty) Ltd,Company,ZA,"sanction, fraud, PEP","za_sanctions, ofac"
sanction-00047,John Doe 47,Person,ZA,"sanction, fraud, PEP","za_sanctions, ofac"
sanction-00048,Shell Company 48 (Pty) Ltd,Company,ZA,"sanction, fraud, PEP","za_sanctions, ofac"
sanction-00049,John Doe 49,Person,ZA,"sanction, fraud, PEP","za_sanctions, ofac"
sanction-00050,Shell Company 50 (Pty) Ltd,Company,ZA,"sanction, fraud, PEP","za_sanctions, ofac"
sanction-00051,John Doe 51,Person,ZA,"sanction, fraud, PEP","za_sanctions, ofac"
sanction-00052,Shell Company 52 (Pty) Ltd,Company,ZA,"sanction, fraud, PEP","za_sanctions, ofac"
sanction-00053,John Doe 53,Person,ZA,"sanction, fraud, PEP","za_sanctions, ofac"
sanction-00054,Shell Company 54 (Pty) Ltd,Company,ZA,"sanction, fraud, PEP","za_sanctions, ofac"
sanction-00055,John Doe 55,Person,ZA,"sanction, fraud, PEP","za_sanctions, ofac"
sanction-00056,Shell Company 56 (Pty) Ltd,Company,ZA,"sanction, fraud, PEP","za_sanctions, ofac"
sanction-00057,John Doe 57,Person,ZA,"sanction, fraud, PEP","za_sanctions, ofac"
sanction-00058,Shell Company 58 (Pty) Ltd,Company,ZA,"sanction, fraud, PEP","za_sanctions, ofac"
sanction-00059,John Doe 59,Person,ZA,"sanction, fraud, PEP","za_sanctions, ofac"
sanction-00060,Shell Company 60 (Pty) Ltd,Company,ZA,"sanction, fraud, PEP","za_sanctions, ofac"
sanction-00061,John Doe 61,Person,ZA,"sanction, fraud, PEP","za_sanctions, ofac"
sanction-00062,Shell Company 62 (Pty) Ltd,Company,ZA,"sanction, fraud, PEP","za_sanctions, ofac"
sanction-00063,John Doe 63,Person,ZA,"sanction, fraud, PEP","za_sanctions, ofac"
sanction-00064,Shell Company 64 (Pty) Ltd,Company,ZA,"sanction, fraud, PEP","za_sanctions, ofac"
sanction-00065,John Doe 65,Person,ZA,"sanction, fraud, PEP","za_sanctions, ofac"
sanction-00066,Shell Company 66 (Pty) Ltd,Company,ZA,"sanction, fraud, PEP","za_sanctions, ofac"
sanction-00067,John Doe 67,Person,ZA,"sanction, fraud, PEP","za_sanctions, ofac"
sanction-00068,Shell Company 68 (Pty) Ltd,Company,ZA,"sanction, fraud, PEP","za_sanctions, ofac"
sanction-00069,John Doe 69,Person,ZA,"sanction, fraud, PEP","za_sanctions, ofac"
sanction-00070,Shell Company 70 (Pty) Ltd,Company,ZA,"sanction, fraud, PEP","za_sanctions, ofac"
sanction-00071,John Doe 71,Person,ZA,"sanction, fraud, PEP","za_sanctions, ofac"
sanction-00072,Shell Company 72 (Pty) Ltd,Company,ZA,"sanction, fraud, PEP","za_sanctions, ofac"
sanction-00073,John Doe 73,Person,ZA,"sanction, fraud, PEP","za_sanctions, ofac"
sanction-00074,Shell Company 74 (Pty) Ltd,Company,ZA,"sanction, fraud, PEP","za_sanctions, ofac"
sanction-00075,John Doe 75,Person,ZA,"sanction, fraud, PEP","za_sanctions, ofac"
sanction-00076,Shell Company 76 (Pty) Ltd,Company,ZA,"sanction, fraud, PEP","za_sanctions, ofac"
sanction-00077,John Doe 77,Person,ZA,"sanction, fraud, PEP","za_sanctions, ofac"
sanction-00078,Shell Company 78 (Pty) Ltd,Company,ZA,"sanction, fraud, PEP","za_sanctions, ofac"
sanction-00079,John Doe 79,Person,ZA,"sanction, fraud, PEP","za_sanctions, ofac"
sanction-00080,Shell Company 80 (Pty) Ltd,Company,ZA,"sanction, fraud, PEP","za_sanctions, ofac"
sanction-00081,John Doe 81,Person,ZA,"sanction, fraud, PEP","za_sanctions, ofac"
sanction-00082,Shell Company 82 (Pty) Ltd,Company,ZA,"sanction, fraud, PEP","za_sanctions, ofac"
sanction-00083,John Doe 83,Person,ZA,"sanction, fraud, PEP","za_sanctions, ofac"
sanction-00084,Shell Company 84 (Pty) Ltd,Company,ZA,"sanction, fraud, PEP","za_sanctions, ofac"
sanction-00085,John Doe 85,Person,ZA,"sanction, fraud, PEP","za_sanctions, ofac"
sanction-00086,Shell Company 86 (Pty) Ltd,Company,ZA,"sanction, fraud, PEP","za_sanctions, ofac"
sanction-00087,John Doe 87,Person,ZA,"sanction, fraud, PEP","za_sanctions, ofac"
sanction-00088,Shell Company 88 (Pty) Ltd,Company,ZA,"sanction, fraud, PEP","za_sanctions, ofac"
sanction-00089,John Doe 89,Person,ZA,"sanction, fraud, PEP","za_sanctions, ofac"
sanction-00090,Shell Company 90 (Pty) Ltd,Company,ZA,"sanction, fraud, PEP","za_sanctions, ofac"
sanction-00091,John Doe 91,Person,ZA,"sanction, fraud, PEP","za_sanctions, ofac"
sanction-00092,Shell Company 92 (Pty) Ltd,Company,ZA,"sanction, fraud, PEP","za_sanctions, ofac"
sanction-00093,John Doe 93,Person,ZA,"sanction, fraud, PEP","za_sanctions, ofac"
sanction-00094,Shell Company 94 (Pty) Ltd,Company,ZA,"sanction, fraud, PEP","za_sanctions, ofac"
sanction-00095,John Doe 95,Person,ZA,"sanction, fraud, PEP","za_sanctions, ofac"
sanction-00096,Shell Company 96 (Pty) Ltd,Company,ZA,"sanction, fraud, PEP","za_sanctions, ofac"
sanction-00097,John Doe 97,Person,ZA,"sanction, fraud, PEP","za_sanctions, ofac"
sanction-00098,Shell Company 98 (Pty) Ltd,Company,ZA,"sanction, fraud, PEP","za_sanctions, ofac"
sanction-00099,John Doe 99,Person,ZA,"sanction, fraud, PEP","za_sanctions, ofac"
sanction-00100,Shell Company 100 (Pty) Ltd,Company,ZA,"sanction, fraud, PEP","za_sanctions, ofac"
sanction-00101,John Doe 101,Person,ZA,"sanction, fraud, PEP","za_sanctions, ofac"
sanction-00102,Shell Company 102 (Pty) Ltd,Company,ZA,"sanction, fraud, PEP","za_sanctions, ofac"
sanction-00103,John Doe 103,Person,ZA,"sanction, fraud, PEP","za_sanctions, ofac"
sanction-00104,Shell Company 104 (Pty) Ltd,Company,ZA,"sanction, fraud, PEP","za_sanctions, ofac"
sanction-00105,John Doe 105,Person,ZA,"sanction, fraud, PEP","za_sanctions, ofac"
sanction-00106,Shell Company 106 (Pty) Ltd,Company,ZA,"sanction, fraud, PEP","za_sanctions, ofac"
sanction-00107,John Doe 107,Person,ZA,"sanction, fraud, PEP","za_sanctions, ofac"
sanction-00108,Shell Company 108 (Pty) Ltd,Company,ZA,"sanction, fraud, PEP","za_sanctions, ofac"
sanction-00109,John Doe 109,Person,ZA,"sanction, fraud, PEP","za_sanctions, ofac"
sanction-00110,Shell Company 110 (Pty) Ltd,Company,ZA,"sanction, fraud, PEP","za_sanctions, ofac"
sanction-00111,John Doe 111,Person,ZA,"sanction, fraud, PEP","za_sanctions, ofac"
sanction-00112,Shell Company 112 (Pty) Ltd,Company,ZA,"sanction, fraud, PEP","za_sanctions, ofac"
sanction-00113,John Doe 113,Person,ZA,"sanction, fraud, PEP","za_sanctions, ofac"
sanction-00114,Shell Company 114 (Pty) Ltd,Company,ZA,"sanction, fraud, PEP","za_sanctions, ofac"
sanction-00115,John Doe 115,Person,ZA,"sanction, fraud, PEP","za_sanctions, ofac"
sanction-00116,Shell Company 116 (Pty) Ltd,Company,ZA,"sanction, fraud, PEP","za_sanctions, ofac"
sanction-00117,John Doe 117,Person,ZA,"sanction, fraud, PEP","za_sanctions, ofac"
sanction-00118,Shell Company 118 (Pty) Ltd,Company,ZA,"sanction, fraud, PEP","za_sanctions, ofac"
sanction-00119,John Doe 119,Person,ZA,"sanction, fraud, PEP","za_sanctions, ofac"
sanction-00120,Shell Company 120 (Pty) Ltd,Company,ZA,"sanction, fraud, PEP","za_sanctions, ofac"
sanction-00121,John Doe 121,Person,ZA,"sanction, fraud, PEP","za_sanctions, ofac"
sanction-00122,Shell Company 122 (Pty) Ltd,Company,ZA,"sanction, fraud, PEP","za_sanctions, ofac"
sanction-00123,John Doe 123,Person,ZA,"sanction, fraud, PEP","za_sanctions, ofac"
sanction-00124,Shell Company 124 (Pty) Ltd,Company,ZA,"sanction, fraud, PEP","za_sanctions, ofac"
sanction-00125,John Doe 125,Person,ZA,"sanction, fraud, PEP","za_sanctions, ofac"
sanction-00126,Shell Company 126 (Pty) Ltd,Company,ZA,"sanction, fraud, PEP","za_sanctions, ofac"
sanction-00127,John Doe 127,Person,ZA,"sanction, fraud, PEP","za_sanctions, ofac"
sanction-00128,Shell Company 128 (Pty) Ltd,Company,ZA,"sanction, fraud, PEP","za_sanctions, ofac"
sanction-00129,John Doe 129,Person,ZA,"sanction, fraud, PEP","za_sanctions, ofac"
sanction-00130,Shell Company 130 (Pty) Ltd,Company,ZA,"sanction, fraud, PEP","za_sanctions, ofac"
sanction-00131,John Doe 131,Person,ZA,"sanction, fraud, PEP","za_sanctions, ofac"
sanction-00132,Shell Company 132 (Pty) Ltd,Company,ZA,"sanction, fraud, PEP","za_sanctions, ofac"
sanction-00133,John Doe 133,Person,ZA,"sanction, fraud, PEP","za_sanctions, ofac"
sanction-00134,Shell Company 134 (Pty) Ltd,Company,ZA,"sanction, fraud, PEP","za_sanctions, ofac"
sanction-00135,John Doe 135,Person,ZA,"sanction, fraud, PEP","za_sanctions, ofac"
sanction-00136,Shell Company 136 (Pty) Ltd,Company,ZA,"sanction, fraud, PEP","za_sanctions, ofac"
sanction-00137,John Doe 137,Person,ZA,"sanction, fraud, PEP","za_sanctions, ofac"
sanction-00138,Shell Company 138 (Pty) Ltd,Company,ZA,"sanction, fraud, PEP","za_sanctions, ofac"
sanction-00139,John Doe 139,Person,ZA,"sanction, fraud, PEP","za_sanctions, ofac"
sanction-00140,Shell Company 140 (Pty) Ltd,Company,ZA,"sanction, fraud, PEP","za_sanctions, ofac"
sanction-00141,John Doe 141,Person,ZA,"sanction, fraud, PEP","za_sanctions, ofac"
sanction-00142,Shell Company 142 (Pty) Ltd,Company,ZA,"sanction, fraud, PEP","za_sanctions, ofac"
sanction-00143,John Doe 143,Person,ZA,"sanction, fraud, PEP","za_sanctions, ofac"
sanction-00144,Shell Company 144 (Pty) Ltd,Company,ZA,"sanction, fraud, PEP","za_sanctions, ofac"
sanction-00145,John Doe 145,Person,ZA,"sanction, fraud, PEP","za_sanctions, ofac"
sanction-00146,Shell Company 146 (Pty) Ltd,Company,ZA,"sanction, fraud, PEP","za_sanctions, ofac"
sanction-00147,John Doe 147,Person,ZA,"sanction, fraud, PEP","za_sanctions, ofac"
sanction-00148,Shell Company 148 (Pty) Ltd,Company,ZA,"sanction, fraud, PEP","za_sanctions, ofac"
sanction-00149,John Doe 149,Person,ZA,"sanction, fraud, PEP","za_sanctions, ofac"
sanction-00150,Shell Company 150 (Pty) Ltd,Company,ZA,"sanction, fraud, PEP","za_sanctions, ofac"
sanction-00151,John Doe 151,Person,ZA,"sanction, fraud, PEP","za_sanctions, ofac"
sanction-00152,Shell Company 152 (Pty) Ltd,Company,ZA,"sanction, fraud, PEP","za_sanctions, ofac"
sanction-00153,John Doe 153,Person,ZA,"sanction, fraud, PEP","za_sanctions, ofac"
sanction-00154,Shell Company 154 (Pty) Ltd,Company,ZA,"sanction, fraud, PEP","za_sanctions, ofac"
sanction-00155,John Doe 155,Person,ZA,"sanction, fraud, PEP","za_sanctions, ofac"
sanction-00156,Shell Company 156 (Pty) Ltd,Company,ZA,"sanction, fraud, PEP","za_sanctions, ofac"
sanction-00157,John Doe 157,Person,ZA,"sanction, fraud, PEP","za_sanctions, ofac"
sanction-00158,Shell Company 158 (Pty) Ltd,Company,ZA,"sanction, fraud, PEP","za_sanctions, ofac"
sanction-00159,John Doe 159,Person,ZA,"sanction, fraud, PEP","za_sanctions, ofac"
sanction-00160,Shell Company 160 (Pty) Ltd,Company,ZA,"sanction, fraud, PEP","za_sanctions, ofac"
sanction-00161,John Doe 161,Person,ZA,"sanction, fraud, PEP","za_sanctions, ofac"
sanction-00162,Shell Company 162 (Pty) Ltd,Company,ZA,"sanction, fraud, PEP","za_sanctions, ofac"
sanction-00163,John Doe 163,Person,ZA,"sanction, fraud, PEP","za_sanctions, ofac"
sanction-00164,Shell Company 164 (Pty) Ltd,Company,ZA,"sanction, fraud, PEP","za_sanctions, ofac"
sanction-00165,John Doe 165,Person,ZA,"sanction, fraud, PEP","za_sanctions, ofac"
sanction-00166,Shell Company 166 (Pty) Ltd,Company,ZA,"sanction, fraud, PEP","za_sanctions, ofac"
sanction-00167,John Doe 167,Person,ZA,"sanction, fraud, PEP","za_sanctions, ofac"
sanction-00168,Shell Company 168 (Pty) Ltd,Company,ZA,"sanction, fraud, PEP","za_sanctions, ofac"
sanction-00169,John Doe 169,Person,ZA,"sanction, fraud, PEP","za_sanctions, ofac"
sanction-00170,Shell Company 170 (Pty) Ltd,Company,ZA,"sanction, fraud, PEP","za_sanctions, ofac"
sanction-00171,John Doe 171,Person,ZA,"sanction, fraud, PEP","za_sanctions, ofac"
sanction-00172,Shell Company 172 (Pty) Ltd,Company,ZA,"sanction, fraud, PEP","za_sanctions, ofac"
sanction-00173,John Doe 173,Person,ZA,"sanction, fraud, PEP","za_sanctions, ofac"
sanction-00174,Shell Company 174 (Pty) Ltd,Company,ZA,"sanction, fraud, PEP","za_sanctions, ofac"
sanction-00175,John Doe 175,Person,ZA,"sanction, fraud, PEP","za_sanctions, ofac"
sanction-00176,Shell Company 176 (Pty) Ltd,Company,ZA,"sanction, fraud, PEP","za_sanctions, ofac"
sanction-00177,John Doe 177,Person,ZA,"sanction, fraud, PEP","za_sanctions, ofac"
sanction-00178,Shell Company 178 (Pty) Ltd,Company,ZA,"sanction, fraud, PEP","za_sanctions, ofac"
sanction-00179,John Doe 179,Person,ZA,"sanction, fraud, PEP","za_sanctions, ofac"
sanction-00180,Shell Company 180 (Pty) Ltd,Company,ZA,"sanction, fraud, PEP","za_sanctions, ofac"
sanction-00181,John Doe 181,Person,ZA,"sanction, fraud, PEP","za_sanctions, ofac"
sanction-00182,Shell Company 182 (Pty) Ltd,Company,ZA,"sanction, fraud, PEP","za_sanctions, ofac"
sanction-00183,John Doe 183,Person,ZA,"sanction, fraud, PEP","za_sanctions, ofac"
sanction-00184,Shell Company 184 (Pty) Ltd,Company,ZA,"sanction, fraud, PEP","za_sanctions, ofac"
sanction-00185,John Doe 185,Person,ZA,"sanction, fraud, PEP","za_sanctions, ofac"
sanction-00186,Shell Company 186 (Pty) Ltd,Company,ZA,"sanction, fraud, PEP","za_sanctions, ofac"
sanction-00187,John Doe 187,Person,ZA,"sanction, fraud, PEP","za_sanctions, ofac"
sanction-00188,Shell Company 188 (Pty) Ltd,Company,ZA,"sanction, fraud, PEP","za_sanctions, ofac"
sanction-00189,John Doe 189,Person,ZA,"sanction, fraud, PEP","za_sanctions, ofac"
sanction-00190,Shell Company 190 (Pty) Ltd,Company,ZA,"sanction, fraud, PEP","za_sanctions, ofac"
sanction-00191,John Doe 191,Person,ZA,"sanction, fraud, PEP","za_sanctions, ofac"
sanction-00192,Shell Company 192 (Pty) Ltd,Company,ZA,"sanction, fraud, PEP","za_sanctions, ofac"
sanction-00193,John Doe 193,Person,ZA,"sanction, fraud, PEP","za_sanctions, ofac"
sanction-00194,Shell Company 194 (Pty) Ltd,Company,ZA,"sanction, fraud, PEP","za_sanctions, ofac"
sanction-00195,John Doe 195,Person,ZA,"sanction, fraud, PEP","za_sanctions, ofac"
sanction-00196,Shell Company 196 (Pty) Ltd,Company,ZA,"sanction, fraud, PEP","za_sanctions, ofac"
sanction-00197,John Doe 197,Person,ZA,"sanction, fraud, PEP","za_sanctions, ofac"
sanction-00198,Shell Company 198 (Pty) Ltd,Company,ZA,"sanction, fraud, PEP","za_sanctions, ofac"
sanction-00199,John Doe 199,Person,ZA,"sanction, fraud, PEP","za_sanctions, ofac"
sanction-00200,Shell Company 200 (Pty) Ltd,Company,ZA,"sanction, fraud, PEP","za_sanctions, ofac"
sanction-00201,John Doe 201,Person,ZA,"sanction, fraud, PEP","za_sanctions, ofac"
sanction-00202,Shell Company 202 (Pty) Ltd,Company,ZA,"sanction, fraud, PEP","za_sanctions, ofac"
sanction-00203,John Doe 203,Person,ZA,"sanction, fraud, PEP","za_sanctions, ofac"
sanction-00204,Shell Company 204 (Pty) Ltd,Company,ZA,"sanction, fraud, PEP","za_sanctions, ofac"
sanction-00205,John Doe 205,Person,ZA,"sanction, fraud, PEP","za_sanctions, ofac"
sanction-00206,Shell Company 206 (Pty) Ltd,Company,ZA,"sanction, fraud, PEP","za_sanctions, ofac"
sanction-00207,John Doe 207,Person,ZA,"sanction, fraud, PEP","za_sanctions, ofac"
sanction-00208,Shell Company 208 (Pty) Ltd,Company,ZA,"sanction, fraud, PEP","za_sanctions, ofac"
sanction-00209,John Doe 209,Person,ZA,"sanction, fraud, PEP","za_sanctions, ofac"
sanction-00210,Shell Company 210 (Pty) Ltd,Company,ZA,"sanction, fraud, PEP","za_sanctions, ofac"
sanction-00211,John Doe 211,Person,ZA,"sanction, fraud, PEP","za_sanctions, ofac"
sanction-00212,Shell Company 212 (Pty) Ltd,Company,ZA,"sanction, fraud, PEP","za_sanctions, ofac"
sanction-00213,John Doe 213,Person,ZA,"sanction, fraud, PEP","za_sanctions, ofac"
sanction-00214,Shell Company 214 (Pty) Ltd,Company,ZA,"sanction, fraud, PEP","za_sanctions, ofac"
sanction-00215,John Doe 215,Person,ZA,"sanction, fraud, PEP","za_sanctions, ofac"
sanction-00216,Shell Company 216 (Pty) Ltd,Company,ZA,"sanction, fraud, PEP","za_sanctions, ofac"
sanction-00217,John Doe 217,Person,ZA,"sanction, fraud, PEP","za_sanctions, ofac"
sanction-00218,Shell Company 218 (Pty) Ltd,Company,ZA,"sanction, fraud, PEP","za_sanctions, ofac"
sanction-00219,John Doe 219,Person,ZA,"sanction, fraud, PEP","za_sanctions, ofac"
sanction-00220,Shell Company 220 (Pty) Ltd,Company,ZA,"sanction, fraud, PEP","za_sanctions, ofac"
sanction-00221,John Doe 221,Person,ZA,"sanction, fraud, PEP","za_sanctions, ofac"
sanction-00222,Shell Company 222 (Pty) Ltd,Company,ZA,"sanction, fraud, PEP","za_sanctions, ofac"
sanction-00223,John Doe 223,Person,ZA,"sanction, fraud, PEP","za_sanctions, ofac"
sanction-00224,Shell Company 224 (Pty) Ltd,Company,ZA,"sanction, fraud, PEP","za_sanctions, ofac"
sanction-00225,John Doe 225,Person,ZA,"sanction, fraud, PEP","za_sanctions, ofac"
sanction-00226,Shell Company 226 (Pty) Ltd,Company,ZA,"sanction, fraud, PEP","za_sanctions, ofac"
sanction-00227,John Doe 227,Person,ZA,"sanction, fraud, PEP","za_sanctions, ofac"
sanction-00228,Shell Company 228 (Pty) Ltd,Company,ZA,"sanction, fraud, PEP","za_sanctions, ofac"
sanction-00229,John Doe 229,Person,ZA,"sanction, fraud, PEP","za_sanctions, ofac"
sanction-00230,Shell Company 230 (Pty) Ltd,Company,ZA,"sanction, fraud, PEP","za_sanctions, ofac"
sanction-00231,John Doe 231,Person,ZA,"sanction, fraud, PEP","za_sanctions, ofac"
sanction-00232,Shell Company 232 (Pty) Ltd,Company,ZA,"sanction, fraud, PEP","za_sanctions, ofac"
sanction-00233,John Doe 233,Person,ZA,"sanction, fraud, PEP","za_sanctions, ofac"
sanction-00234,Shell Company 234 (Pty) Ltd,Company,ZA,"sanction, fraud, PEP","za_sanctions, ofac"
sanction-00235,John Doe 235,Person,ZA,"sanction, fraud, PEP","za_sanctions, ofac"
sanction-00236,Shell Company 236 (Pty) Ltd,Company,ZA,"sanction, fraud, PEP","za_sanctions, ofac"
sanction-00237,John Doe 237,Person,ZA,"sanction, fraud, PEP","za_sanctions, ofac"
sanction-00238,Shell Company 238 (Pty) Ltd,Company,ZA,"sanction, fraud, PEP","za_sanctions, ofac"
sanction-00239,John Doe 239,Person,ZA,"sanction, fraud, PEP","za_sanctions, ofac"
sanction-00240,Shell Company 240 (Pty) Ltd,Company,ZA,"sanction, fraud, PEP","za_sanctions, ofac"
sanction-00241,John Doe 241,Person,ZA,"sanction, fraud, PEP","za_sanctions, ofac"
sanction-00242,Shell Company 242 (Pty) Ltd,Company,ZA,"sanction, fraud, PEP","za_sanctions, ofac"
sanction-00243,John Doe 243,Person,ZA,"sanction, fraud, PEP","za_sanctions, ofac"
sanction-00244,Shell Company 244 (Pty) Ltd,Company,ZA,"sanction, fraud, PEP","za_sanctions, ofac"
sanction-00245,John Doe 245,Person,ZA,"sanction, fraud, PEP","za_sanctions, ofac"
sanction-00246,Shell Company 246 (Pty) Ltd,Company,ZA,"sanction, fraud, PEP","za_sanctions, ofac"
sanction-00247,John Doe 247,Person,ZA,"sanction, fraud, PEP","za_sanctions, ofac"
sanction-00248,Shell Company 248 (Pty) Ltd,Company,ZA,"sanction, fraud, PEP","za_sanctions, ofac"
sanction-00249,John Doe 249,Person,ZA,"sanction, fraud, PEP","za_sanctions, ofac"
sanction-00250,Shell Company 250 (Pty) Ltd,Company,ZA,"sanction, fraud, PEP","za_sanctions, ofac"
sanction-00251,John Doe 251,Person,ZA,"sanction, fraud, PEP","za_sanctions, ofac"
sanction-00252,Shell Company 252 (Pty) Ltd,Company,ZA,"sanction, fraud, PEP","za_sanctions, ofac"
sanction-00253,John Doe 253,Person,ZA,"sanction, fraud, PEP","za_sanctions, ofac"
sanction-00254,Shell Company 254 (Pty) Ltd,Company,ZA,"sanction, fraud, PEP","za_sanctions, ofac"
sanction-00255,John Doe 255,Person,ZA,"sanction, fraud, PEP","za_sanctions, ofac"
sanction-00256,Shell Company 256 (Pty) Ltd,Company,ZA,"sanction, fraud, PEP","za_sanctions, ofac"
sanction-00257,John Doe 257,Person,ZA,"sanction, fraud, PEP","za_sanctions, ofac"
sanction-00258,Shell Company 258 (Pty) Ltd,Company,ZA,"sanction, fraud, PEP","za_sanctions, ofac"
sanction-00259,John Doe 259,Person,ZA,"sanction, fraud, PEP","za_sanctions, ofac"
sanction-00260,Shell Company 260 (Pty) Ltd,Company,ZA,"sanction, fraud, PEP","za_sanctions, ofac"
sanction-00261,John Doe 261,Person,ZA,"sanction, fraud, PEP","za_sanctions, ofac"
sanction-00262,Shell Company 262 (Pty) Ltd,Company,ZA,"sanction, fraud, PEP","za_sanctions, ofac"
sanction-00263,John Doe 263,Person,ZA,"sanction, fraud, PEP","za_sanctions, ofac"
sanction-00264,Shell Company 264 (Pty) Ltd,Company,ZA,"sanction, fraud, PEP","za_sanctions, ofac"
sanction-00265,John Doe 265,Person,ZA,"sanction, fraud, PEP","za_sanctions, ofac"
sanction-00266,Shell Company 266 (Pty) Ltd,Company,ZA,"sanction, fraud, PEP","za_sanctions, ofac"
sanction-00267,John Doe 267,Person,ZA,"sanction, fraud, PEP","za_sanctions, ofac"
sanction-00268,Shell Company 268 (Pty) Ltd,Company,ZA,"sanction, fraud, PEP","za_sanctions, ofac"
sanction-00269,John Doe 269,Person,ZA,"sanction, fraud, PEP","za_sanctions, ofac"
sanction-00270,Shell Company 270 (Pty) Ltd,Company,ZA,"sanction, fraud, PEP","za_sanctions, ofac"
sanction-00271,John Doe 271,Person,ZA,"sanction, fraud, PEP","za_sanctions, ofac"
sanction-00272,Shell Company 272 (Pty) Ltd,Company,ZA,"sanction, fraud, PEP","za_sanctions, ofac"
sanction-00273,John Doe 273,Person,ZA,"sanction, fraud, PEP","za_sanctions, ofac"
sanction-00274,Shell Company 274 (Pty) Ltd,Company,ZA,"sanction, fraud, PEP","za_sanctions, ofac"
sanction-00275,John Doe 275,Person,ZA,"sanction, fraud, PEP","za_sanctions, ofac"
sanction-00276,Shell Company 276 (Pty) Ltd,Company,ZA,"sanction, fraud, PEP","za_sanctions, ofac"
sanction-00277,John Doe 277,Person,ZA,"sanction, fraud, PEP","za_sanctions, ofac"
sanction-00278,Shell Company 278 (Pty) Ltd,Company,ZA,"sanction, fraud, PEP","za_sanctions, ofac"
sanction-00279,John Doe 279,Person,ZA,"sanction, fraud, PEP","za_sanctions, ofac"
sanction-00280,Shell Company 280 (Pty) Ltd,Company,ZA,"sanction, fraud, PEP","za_sanctions, ofac"
sanction-00281,John Doe 281,Person,ZA,"sanction, fraud, PEP","za_sanctions, ofac"
sanction-00282,Shell Company 282 (Pty) Ltd,Company,ZA,"sanction, fraud, PEP","za_sanctions, ofac"
sanction-00283,John Doe 283,Person,ZA,"sanction, fraud, PEP","za_sanctions, ofac"
sanction-00284,Shell Company 284 (Pty) Ltd,Company,ZA,"sanction, fraud, PEP","za_sanctions, ofac"
sanction-00285,John Doe 285,Person,ZA,"sanction, fraud, PEP","za_sanctions, ofac"
sanction-00286,Shell Company 286 (Pty) Ltd,Company,ZA,"sanction, fraud, PEP","za_sanctions, ofac"
sanction-00287,John Doe 287,Person,ZA,"sanction, fraud, PEP","za_sanctions, ofac"
sanction-00288,Shell Company 288 (Pty) Ltd,Company,ZA,"sanction, fraud, PEP","za_sanctions, ofac"
sanction-00289,John Doe 289,Person,ZA,"sanction, fraud, PEP","za_sanctions, ofac"
sanction-00290,Shell Company 290 (Pty) Ltd,Company,ZA,"sanction, fraud, PEP","za_sanctions, ofac"
sanction-00291,John Doe 291,Person,ZA,"sanction, fraud, PEP","za_sanctions, ofac"
sanction-00292,Shell Company 292 (Pty) Ltd,Company,ZA,"sanction, fraud, PEP","za_sanctions, ofac"
sanction-00293,John Doe 293,Person,ZA,"sanction, fraud, PEP","za_sanctions, ofac"
sanction-00294,Shell Company 294 (Pty) Ltd,Company,ZA,"sanction, fraud, PEP","za_sanctions, ofac"
sanction-00295,John Doe 295,Person,ZA,"sanction, fraud, PEP","za_sanctions, ofac"
sanction-00296,Shell Company 296 (Pty) Ltd,Company,ZA,"sanction, fraud, PEP","za_sanctions, ofac"
sanction-00297,John Doe 297,Person,ZA,"sanction, fraud, PEP","za_sanctions, ofac"
sanction-00298,Shell Company 298 (Pty) Ltd,Company,ZA,"sanction, fraud, PEP","za_sanctions, ofac"
sanction-00299,John Doe 299,Person,ZA,"sanction, fraud, PEP","za_sanctions, ofac"
sanction-00300,Shell Company 300 (Pty) Ltd,Company,ZA,"sanction, fraud, PEP","za_sanctions, ofac"
sanction-00301,John Doe 301,Person,ZA,"sanction, fraud, PEP","za_sanctions, ofac"
sanction-00302,Shell Company 302 (Pty) Ltd,Company,ZA,"sanction, fraud, PEP","za_sanctions, ofac"
sanction-00303,John Doe 303,Person,ZA,"sanction, fraud, PEP","za_sanctions, ofac"
sanction-00304,Shell Company 304 (Pty) Ltd,Company,ZA,"sanction, fraud, PEP","za_sanctions, ofac"
sanction-00305,John Doe 305,Person,ZA,"sanction, fraud, PEP","za_sanctions, ofac"
sanction-00306,Shell Company 306 (Pty) Ltd,Company,ZA,"sanction, fraud, PEP","za_sanctions, ofac"
sanction-00307,John Doe 307,Person,ZA,"sanction, fraud, PEP","za_sanctions, ofac"
sanction-00308,Shell Company 308 (Pty) Ltd,Company,ZA,"sanction, fraud, PEP","za_sanctions, ofac"
sanction-00309,John Doe 309,Person,ZA,"sanction, fraud, PEP","za_sanctions, ofac"
sanction-00310,Shell Company 310 (Pty) Ltd,Company,ZA,"sanction, fraud, PEP","za_sanctions, ofac"
sanction-00311,John Doe 311,Person,ZA,"sanction, fraud, PEP","za_sanctions, ofac"
sanction-00312,Shell Company 312 (Pty) Ltd,Company,ZA,"sanction, fraud, PEP","za_sanctions, ofac"
sanction-00313,John Doe 313,Person,ZA,"sanction, fraud, PEP","za_sanctions, ofac"
sanction-00314,Shell Company 314 (Pty) Ltd,Company,ZA,"sanction, fraud, PEP","za_sanctions, ofac"
sanction-00315,John Doe 315,Person,ZA,"sanction, fraud, PEP","za_sanctions, ofac"
sanction-00316,Shell Company 316 (Pty) Ltd,Company,ZA,"sanction, fraud, PEP","za_sanctions, ofac"
sanction-00317,John Doe 317,Person,ZA,"sanction, fraud, PEP","za_sanctions, ofac"
sanction-00318,Shell Company 318 (Pty) Ltd,Company,ZA,"sanction, fraud, PEP","za_sanctions, ofac"
sanction-00319,John Doe 319,Person,ZA,"sanction, fraud, PEP","za_sanctions, ofac"
sanction-00320,Shell Company 320 (Pty) Ltd,Company,ZA,"sanction, fraud, PEP","za_sanctions, ofac"
sanction-00321,John Doe 321,Person,ZA,"sanction, fraud, PEP","za_sanctions, ofac"
sanction-00322,Shell Company 322 (Pty) Ltd,Company,ZA,"sanction, fraud, PEP","za_sanctions, ofac"
sanction-00323,John Doe 323,Person,ZA,"sanction, fraud, PEP","za_sanctions, ofac"
sanction-00324,Shell Company 324 (Pty) Ltd,Company,ZA,"sanction, fraud, PEP","za_sanctions, ofac"
sanction-00325,John Doe 325,Person,ZA,"sanction, fraud, PEP","za_sanctions, ofac"
sanction-00326,Shell Company 326 (Pty) Ltd,Company,ZA,"sanction, fraud, PEP","za_sanctions, ofac"
sanction-00327,John Doe 327,Person,ZA,"sanction, fraud, PEP","za_sanctions, ofac"
sanction-00328,Shell Company 328 (Pty) Ltd,Company,ZA,"sanction, fraud, PEP","za_sanctions, ofac"
sanction-00329,John Doe 329,Person,ZA,"sanction, fraud, PEP","za_sanctions, ofac"
sanction-00330,Shell Company 330 (Pty) Ltd,Company,ZA,"sanction, fraud, PEP","za_sanctions, ofac"
sanction-00331,John Doe 331,Person,ZA,"sanction, fraud, PEP","za_sanctions, ofac"
sanction-00332,Shell Company 332 (Pty) Ltd,Company,ZA,"sanction, fraud, PEP","za_sanctions, ofac"
sanction-00333,John Doe 333,Person,ZA,"sanction, fraud, PEP","za_sanctions, ofac"
sanction-00334,Shell Company 334 (Pty) Ltd,Company,ZA,"sanction, fraud, PEP","za_sanctions, ofac"
sanction-00335,John Doe 335,Person,ZA,"sanction, fraud, PEP","za_sanctions, ofac"
sanction-00336,Shell Company 336 (Pty) Ltd,Company,ZA,"sanction, fraud, PEP","za_sanctions, ofac"
sanction-00337,John Doe 337,Person,ZA,"sanction, fraud, PEP","za_sanctions, ofac"
sanction-00338,Shell Company 338 (Pty) Ltd,Company,ZA,"sanction, fraud, PEP","za_sanctions, ofac"
sanction-00339,John Doe 339,Person,ZA,"sanction, fraud, PEP","za_sanctions, ofac"
sanction-00340,Shell Company 340 (Pty) Ltd,Company,ZA,"sanction, fraud, PEP","za_sanctions, ofac"
sanction-00341,John Doe 341,Person,ZA,"sanction, fraud, PEP","za_sanctions, ofac"
sanction-00342,Shell Company 342 (Pty) Ltd,Company,ZA,"sanction, fraud, PEP","za_sanctions, ofac"
sanction-00343,John Doe 343,Person,ZA,"sanction, fraud, PEP","za_sanctions, ofac"
sanction-00344,Shell Company 344 (Pty) Ltd,Company,ZA,"sanction, fraud, PEP","za_sanctions, ofac"
sanction-00345,John Doe 345,Person,ZA,"sanction, fraud, PEP","za_sanctions, ofac"
sanction-00346,Shell Company 346 (Pty) Ltd,Company,ZA,"sanction, fraud, PEP","za_sanctions, ofac"
sanction-00347,John Doe 347,Person,ZA,"sanction, fraud, PEP","za_sanctions, ofac"
sanction-00348,Shell Company 348 (Pty) Ltd,Company,ZA,"sanction, fraud, PEP","za_sanctions, ofac"
sanction-00349,John Doe 349,Person,ZA,"sanction, fraud, PEP","za_sanctions, ofac"
sanction-00350,Shell Company 350 (Pty) Ltd,Company,ZA,"sanction, fraud, PEP","za_sanctions, ofac"
sanction-00351,John Doe 351,Person,ZA,"sanction, fraud, PEP","za_sanctions, ofac"
sanction-00352,Shell Company 352 (Pty) Ltd,Company,ZA,"sanction, fraud, PEP","za_sanctions, ofac"
sanction-00353,John Doe 353,Person,ZA,"sanction, fraud, PEP","za_sanctions, ofac"
sanction-00354,Shell Company 354 (Pty) Ltd,Company,ZA,"sanction, fraud, PEP","za_sanctions, ofac"
sanction-00355,John Doe 355,Person,ZA,"sanction, fraud, PEP","za_sanctions, ofac"
sanction-00356,Shell Company 356 (Pty) Ltd,Company,ZA,"sanction, fraud, PEP","za_sanctions, ofac"
sanction-00357,John Doe 357,Person,ZA,"sanction, fraud, PEP","za_sanctions, ofac"
sanction-00358,Shell Company 358 (Pty) Ltd,Company,ZA,"sanction, fraud, PEP","za_sanctions, ofac"
sanction-00359,John Doe 359,Person,ZA,"sanction, fraud, PEP","za_sanctions, ofac"
sanction-00360,Shell Company 360 (Pty) Ltd,Company,ZA,"sanction, fraud, PEP","za_sanctions, ofac"
sanction-00361,John Doe 361,Person,ZA,"sanction, fraud, PEP","za_sanctions, ofac"
sanction-00362,Shell Company 362 (Pty) Ltd,Company,ZA,"sanction, fraud, PEP","za_sanctions, ofac"
sanction-00363,John Doe 363,Person,ZA,"sanction, fraud, PEP","za_sanctions, ofac"
sanction-00364,Shell Company 364 (Pty) Ltd,Company,ZA,"sanction, fraud, PEP","za_sanctions, ofac"
sanction-00365,John Doe 365,Person,ZA,"sanction, fraud, PEP","za_sanctions, ofac"
sanction-00366,Shell Company 366 (Pty) Ltd,Company,ZA,"sanction, fraud, PEP","za_sanctions, ofac"
sanction-00367,John Doe 367,Person,ZA,"sanction, fraud, PEP","za_sanctions, ofac"
sanction-00368,Shell Company 368 (Pty) Ltd,Company,ZA,"sanction, fraud, PEP","za_sanctions, ofac"
sanction-00369,John Doe 369,Person,ZA,"sanction, fraud, PEP","za_sanctions, ofac"
sanction-00370,Shell Company 370 (Pty) Ltd,Company,ZA,"sanction, fraud, PEP","za_sanctions, ofac"
sanction-00371,John Doe 371,Person,ZA,"sanction, fraud, PEP","za_sanctions, ofac"
sanction-00372,Shell Company 372 (Pty) Ltd,Company,ZA,"sanction, fraud, PEP","za_sanctions, ofac"
sanction-00373,John Doe 373,Person,ZA,"sanction, fraud, PEP","za_sanctions, ofac"
sanction-00374,Shell Company 374 (Pty) Ltd,Company,ZA,"sanction, fraud, PEP","za_sanctions, ofac"
sanction-00375,John Doe 375,Person,ZA,"sanction, fraud, PEP","za_sanctions, ofac"
sanction-00376,Shell Company 376 (Pty) Ltd,Company,ZA,"sanction, fraud, PEP","za_sanctions, ofac"
sanction-00377,John Doe 377,Person,ZA,"sanction, fraud, PEP","za_sanctions, ofac"
sanction-00378,Shell Company 378 (Pty) Ltd,Company,ZA,"sanction, fraud, PEP","za_sanctions, ofac"
sanction-00379,John Doe 379,Person,ZA,"sanction, fraud, PEP","za_sanctions, ofac"
sanction-00380,Shell Company 380 (Pty) Ltd,Company,ZA,"sanction, fraud, PEP","za_sanctions, ofac"
sanction-00381,John Doe 381,Person,ZA,"sanction, fraud, PEP","za_sanctions, ofac"
sanction-00382,Shell Company 382 (Pty) Ltd,Company,ZA,"sanction, fraud, PEP","za_sanctions, ofac"
sanction-00383,John Doe 383,Person,ZA,"sanction, fraud, PEP","za_sanctions, ofac"
sanction-00384,Shell Company 384 (Pty) Ltd,Company,ZA,"sanction, fraud, PEP","za_sanctions, ofac"
sanction-00385,John Doe 385,Person,ZA,"sanction, fraud, PEP","za_sanctions, ofac"
sanction-00386,Shell Company 386 (Pty) Ltd,Company,ZA,"sanction, fraud, PEP","za_sanctions, ofac"
sanction-00387,John Doe 387,Person,ZA,"sanction, fraud, PEP","za_sanctions, ofac"
sanction-00388,Shell Company 388 (Pty) Ltd,Company,ZA,"sanction, fraud, PEP","za_sanctions, ofac"
sanction-00389,John Doe 389,Person,ZA,"sanction, fraud, PEP","za_sanctions, ofac"
sanction-00390,Shell Company 390 (Pty) Ltd,Company,ZA,"sanction, fraud, PEP","za_sanctions, ofac"
sanction-00391,John Doe 391,Person,ZA,"sanction, fraud, PEP","za_sanctions, ofac"
sanction-00392,Shell Company 392 (Pty) Ltd,Company,ZA,"sanction, fraud, PEP","za_sanctions, ofac"
sanction-00393,John Doe 393,Person,ZA,"sanction, fraud, PEP","za_sanctions, ofac"
sanction-00394,Shell Company 394 (Pty) Ltd,Company,ZA,"sanction, fraud, PEP","za_sanctions, ofac"
sanction-00395,John Doe 395,Person,ZA,"sanction, fraud, PEP","za_sanctions, ofac"
sanction-00396,Shell Company 396 (Pty) Ltd,Company,ZA,"sanction, fraud, PEP","za_sanctions, ofac"
sanction-00397,John Doe 397,Person,ZA,"sanction, fraud, PEP","za_sanctions, ofac"
sanction-00398,Shell Company 398 (Pty) Ltd,Company,ZA,"sanction, fraud, PEP","za_sanctions, ofac"
sanction-00399,John Doe 399,Person,ZA,"sanction, fraud, PEP","za_sanctions, ofac"
sanction-00400,Shell Company 400 (Pty) Ltd,Company,ZA,"sanction, fraud, PEP","za_sanctions, ofac"
sanction-00401,John Doe 401,Person,ZA,"sanction, fraud, PEP","za_sanctions, ofac"
sanction-00402,Shell Company 402 (Pty) Ltd,Company,ZA,"sanction, fraud, PEP","za_sanctions, ofac"
sanction-00403,John Doe 403,Person,ZA,"sanction, fraud, PEP","za_sanctions, ofac"
sanction-00404,Shell Company 404 (Pty) Ltd,Company,ZA,"sanction, fraud, PEP","za_sanctions, ofac"
sanction-00405,John Doe 405,Person,ZA,"sanction, fraud, PEP","za_sanctions, ofac"
sanction-00406,Shell Company 406 (Pty) Ltd,Company,ZA,"sanction, fraud, PEP","za_sanctions, ofac"
sanction-00407,John Doe 407,Person,ZA,"sanction, fraud, PEP","za_sanctions, ofac"
sanction-00408,Shell Company 408 (Pty) Ltd,Company,ZA,"sanction, fraud, PEP","za_sanctions, ofac"
sanction-00409,John Doe 409,Person,ZA,"sanction, fraud, PEP","za_sanctions, ofac"
sanction-00410,Shell Company 410 (Pty) Ltd,Company,ZA,"sanction, fraud, PEP","za_sanctions, ofac"
sanction-00411,John Doe 411,Person,ZA,"sanction, fraud, PEP","za_sanctions, ofac"
sanction-00412,Shell Company 412 (Pty) Ltd,Company,ZA,"sanction, fraud, PEP","za_sanctions, ofac"
sanction-00413,John Doe 413,Person,ZA,"sanction, fraud, PEP","za_sanctions, ofac"
sanction-00414,Shell Company 414 (Pty) Ltd,Company,ZA,"sanction, fraud, PEP","za_sanctions, ofac"
sanction-00415,John Doe 415,Person,ZA,"sanction, fraud, PEP","za_sanctions, ofac"
sanction-00416,Shell Company 416 (Pty) Ltd,Company,ZA,"sanction, fraud, PEP","za_sanctions, ofac"
sanction-00417,John Doe 417,Person,ZA,"sanction, fraud, PEP","za_sanctions, ofac"
sanction-00418,Shell Company 418 (Pty) Ltd,Company,ZA,"sanction, fraud, PEP","za_sanctions, ofac"
sanction-00419,John Doe 419,Person,ZA,"sanction, fraud, PEP","za_sanctions, ofac"
sanction-00420,Shell Company 420 (Pty) Ltd,Company,ZA,"sanction, fraud, PEP","za_sanctions, ofac"
sanction-00421,John Doe 421,Person,ZA,"sanction, fraud, PEP","za_sanctions, ofac"
sanction-00422,Shell Company 422 (Pty) Ltd,Company,ZA,"sanction, fraud, PEP","za_sanctions, ofac"
sanction-00423,John Doe 423,Person,ZA,"sanction, fraud, PEP","za_sanctions, ofac"
sanction-00424,Shell Company 424 (Pty) Ltd,Company,ZA,"sanction, fraud, PEP","za_sanctions, ofac"
sanction-00425,John Doe 425,Person,ZA,"sanction, fraud, PEP","za_sanctions, ofac"
sanction-00426,Shell Company 426 (Pty) Ltd,Company,ZA,"sanction, fraud, PEP","za_sanctions, ofac"
sanction-00427,John Doe 427,Person,ZA,"sanction, fraud, PEP","za_sanctions, ofac"
sanction-00428,Shell Company 428 (Pty) Ltd,Company,ZA,"sanction, fraud, PEP","za_sanctions, ofac"
sanction-00429,John Doe 429,Person,ZA,"sanction, fraud, PEP","za_sanctions, ofac"
sanction-00430,Shell Company 430 (Pty) Ltd,Company,ZA,"sanction, fraud, PEP","za_sanctions, ofac"
sanction-00431,John Doe 431,Person,ZA,"sanction, fraud, PEP","za_sanctions, ofac"
sanction-00432,Shell Company 432 (Pty) Ltd,Company,ZA,"sanction, fraud, PEP","za_sanctions, ofac"
sanction-00433,John Doe 433,Person,ZA,"sanction, fraud, PEP","za_sanctions, ofac"
sanction-00434,Shell Company 434 (Pty) Ltd,Company,ZA,"sanction, fraud, PEP","za_sanctions, ofac"
sanction-00435,John Doe 435,Person,ZA,"sanction, fraud, PEP","za_sanctions, ofac"
sanction-00436,Shell Company 436 (Pty) Ltd,Company,ZA,"sanction, fraud, PEP","za_sanctions, ofac"
sanction-00437,John Doe 437,Person,ZA,"sanction, fraud, PEP","za_sanctions, ofac"
sanction-00438,Shell Company 438 (Pty) Ltd,Company,ZA,"sanction, fraud, PEP","za_sanctions, ofac"
sanction-00439,John Doe 439,Person,ZA,"sanction, fraud, PEP","za_sanctions, ofac"
sanction-00440,Shell Company 440 (Pty) Ltd,Company,ZA,"sanction, fraud, PEP","za_sanctions, ofac"
sanction-00441,John Doe 441,Person,ZA,"sanction, fraud, PEP","za_sanctions, ofac"
sanction-00442,Shell Company 442 (Pty) Ltd,Company,ZA,"sanction, fraud, PEP","za_sanctions, ofac"
sanction-00443,John Doe 443,Person,ZA,"sanction, fraud, PEP","za_sanctions, ofac"
sanction-00444,Shell Company 444 (Pty) Ltd,Company,ZA,"sanction, fraud, PEP","za_sanctions, ofac"
sanction-00445,John Doe 445,Person,ZA,"sanction, fraud, PEP","za_sanctions, ofac"
sanction-00446,Shell Company 446 (Pty) Ltd,Company,ZA,"sanction, fraud, PEP","za_sanctions, ofac"
sanction-00447,John Doe 447,Person,ZA,"sanction, fraud, PEP","za_sanctions, ofac"
sanction-00448,Shell Company 448 (Pty) Ltd,Company,ZA,"sanction, fraud, PEP","za_sanctions, ofac"
sanction-00449,John Doe 449,Person,ZA,"sanction, fraud, PEP","za_sanctions, ofac"
sanction-00450,Shell Company 450 (Pty) Ltd,Company,ZA,"sanction, fraud, PEP","za_sanctions, ofac"
sanction-00451,John Doe 451,Person,ZA,"sanction, fraud, PEP","za_sanctions, ofac"
sanction-00452,Shell Company 452 (Pty) Ltd,Company,ZA,"sanction, fraud, PEP","za_sanctions, ofac"
sanction-00453,John Doe 453,Person,ZA,"sanction, fraud, PEP","za_sanctions, ofac"
sanction-00454,Shell Company 454 (Pty) Ltd,Company,ZA,"sanction, fraud, PEP","za_sanctions, ofac"
sanction-00455,John Doe 455,Person,ZA,"sanction, fraud, PEP","za_sanctions, ofac"
sanction-00456,Shell Company 456 (Pty) Ltd,Company,ZA,"sanction, fraud, PEP","za_sanctions, ofac"
sanction-00457,John Doe 457,Person,ZA,"sanction, fraud, PEP","za_sanctions, ofac"
sanction-00458,Shell Company 458 (Pty) Ltd,Company,ZA,"sanction, fraud, PEP","za_sanctions, ofac"
sanction-00459,John Doe 459,Person,ZA,"sanction, fraud, PEP","za_sanctions, ofac"
sanction-00460,Shell Company 460 (Pty) Ltd,Company,ZA,"sanction, fraud, PEP","za_sanctions, ofac"
sanction-00461,John Doe 461,Person,ZA,"sanction, fraud, PEP","za_sanctions, ofac"
sanction-00462,Shell Company 462 (Pty) Ltd,Company,ZA,"sanction, fraud, PEP","za_sanctions, ofac"
sanction-00463,John Doe 463,Person,ZA,"sanction, fraud, PEP","za_sanctions, ofac"
sanction-00464,Shell Company 464 (Pty) Ltd,Company,ZA,"sanction, fraud, PEP","za_sanctions, ofac"
sanction-00465,John Doe 465,Person,ZA,"sanction, fraud, PEP","za_sanctions, ofac"
sanction-00466,Shell Company 466 (Pty) Ltd,Company,ZA,"sanction, fraud, PEP","za_sanctions, ofac"
sanction-00467,John Doe 467,Person,ZA,"sanction, fraud, PEP","za_sanctions, ofac"
sanction-00468,Shell Company 468 (Pty) Ltd,Company,ZA,"sanction, fraud, PEP","za_sanctions, ofac"
sanction-00469,John Doe 469,Person,ZA,"sanction, fraud, PEP","za_sanctions, ofac"
sanction-00470,Shell Company 470 (Pty) Ltd,Company,ZA,"sanction, fraud, PEP","za_sanctions, ofac"
sanction-00471,John Doe 471,Person,ZA,"sanction, fraud, PEP","za_sanctions, ofac"
sanction-00472,Shell Company 472 (Pty) Ltd,Company,ZA,"sanction, fraud, PEP","za_sanctions, ofac"
sanction-00473,John Doe 473,Person,ZA,"sanction, fraud, PEP","za_sanctions, ofac"
sanction-00474,Shell Company 474 (Pty) Ltd,Company,ZA,"sanction, fraud, PEP","za_sanctions, ofac"
sanction-00475,John Doe 475,Person,ZA,"sanction, fraud, PEP","za_sanctions, ofac"
sanction-00476,Shell Company 476 (Pty) Ltd,Company,ZA,"sanction, fraud, PEP","za_sanctions, ofac"
sanction-00477,John Doe 477,Person,ZA,"sanction, fraud, PEP","za_sanctions, ofac"
sanction-00478,Shell Company 478 (Pty) Ltd,Company,ZA,"sanction, fraud, PEP","za_sanctions, ofac"
sanction-00479,John Doe 479,Person,ZA,"sanction, fraud, PEP","za_sanctions, ofac"
sanction-00480,Shell Company 480 (Pty) Ltd,Company,ZA,"sanction, fraud, PEP","za_sanctions, ofac"
sanction-00481,John Doe 481,Person,ZA,"sanction, fraud, PEP","za_sanctions, ofac"
sanction-00482,Shell Company 482 (Pty) Ltd,Company,ZA,"sanction, fraud, PEP","za_sanctions, ofac"
sanction-00483,John Doe 483,Person,ZA,"sanction, fraud, PEP","za_sanctions, ofac"
sanction-00484,Shell Company 484 (Pty) Ltd,Company,ZA,"sanction, fraud, PEP","za_sanctions, ofac"
sanction-00485,John Doe 485,Person,ZA,"sanction, fraud, PEP","za_sanctions, ofac"
sanction-00486,Shell Company 486 (Pty) Ltd,Company,ZA,"sanction, fraud, PEP","za_sanctions, ofac"
sanction-00487,John Doe 487,Person,ZA,"sanction, fraud, PEP","za_sanctions, ofac"
sanction-00488,Shell Company 488 (Pty) Ltd,Company,ZA,"sanction, fraud, PEP","za_sanctions, ofac"
sanction-00489,John Doe 489,Person,ZA,"sanction, fraud, PEP","za_sanctions, ofac"
sanction-00490,Shell Company 490 (Pty) Ltd,Company,ZA,"sanction, fraud, PEP","za_sanctions, ofac"
sanction-00491,John Doe 491,Person,ZA,"sanction, fraud, PEP","za_sanctions, ofac"
sanction-00492,Shell Company 492 (Pty) Ltd,Company,ZA,"sanction, fraud, PEP","za_sanctions, ofac"
sanction-00493,John Doe 493,Person,ZA,"sanction, fraud, PEP","za_sanctions, ofac"
sanction-00494,Shell Company 494 (Pty) Ltd,Company,ZA,"sanction, fraud, PEP","za_sanctions, ofac"
sanction-00495,John Doe 495,Person,ZA,"sanction, fraud, PEP","za_sanctions, ofac"
sanction-00496,Shell Company 496 (Pty) Ltd,Company,ZA,"sanction, fraud, PEP","za_sanctions, ofac"
sanction-00497,John Doe 497,Person,ZA,"sanction, fraud, PEP","za_sanctions, ofac"
sanction-00498,Shell Company 498 (Pty) Ltd,Company,ZA,"sanction, fraud, PEP","za_sanctions, ofac"
sanction-00499,John Doe 499,Person,ZA,"sanction, fraud, PEP","za_sanctions, ofac"
